0.496714153011232673,-0.138264301171184656,0.647688538100692490,1.523029856408025351,-0.234153374723335972
-0.234136956949180547,1.579212815507391454,0.767434729152908779,-0.469474385934952110,0.542560043585964658
-0.463417692812462256,-0.465729753570256866,0.241962271566034115,-1.913280244657797891,-1.724917832513032767
-0.562287529240972694,-1.012831120334423796,0.314247332595273876,-0.908024075521211116,-1.412303701335291706
1.465648768921554046,-0.225776300486535658,0.067528204687923837,-1.424748186213456780,-0.544382724525182660
0.110922589709866085,-1.150993577422302794,0.375698018345671958,-0.600638689918804980,-0.291693749793276780
-0.601706612229396920,1.852278184508937775,-0.013497224737933914,-1.057710928955899909,0.822544912103189030
-1.220843649971022238,0.208863595004755404,-1.959670123879775572,-1.328186048898430505,0.196861235869123519
0.738466579995410433,0.171368281189970495,-0.115648282388240528,-0.301103695589288789,-1.478521990367427374
-0.719844208394708640,-0.460638770959787502,1.057122226218915717,0.343618289568461410,-1.763040155362733952
0.324083969394795002,-0.385082280416316536,-0.676922000305958727,0.611676288840867888,1.030999522495950949
0.931280119116198568,-0.839217523222638540,-0.309212375851214583,0.331263431403563957,0.975545127122359190
-0.479174237845289952,-0.185658976663817116,-1.106334974006028204,-1.196206624080670800,0.812525822394198016
1.356240028570822931,-0.072010121580333847,1.003532897892024156,0.361636025047634146,-0.645119754605124274
0.361395605508413931,1.538036566465969202,-0.035826039109951531,1.564643655814005996,-2.619745104089744370
0.821902504375223830,0.087047068238171335,-0.299007350465867849,0.091760776535502298,-1.987568914600892800
-0.219671887837511931,0.357112571511746413,1.477894044741516089,-0.518270218273647387,-0.808493602893187613
-0.501757043584536544,0.915402117702074136,0.328751109659684460,-0.529760203767038806,0.513267433113356097
0.097077549348040387,0.968644990532889216,-0.702053093877352374,-0.327662146597768211,-0.392108153132157633
-1.463514948132118576,0.296120277064576054,0.261055272179889331,0.005113456642460900,-0.234587133375147416
-1.415370742050414243,-0.420645322765359042,-0.342714516526769486,-0.802277269221618905,-0.161285711666009135
0.404050856814538395,1.886185901210530202,0.174577812831838958,0.257550390722763978,-0.074445915766167103
-1.918771215299041488,-0.026513875449216878,0.060230209941026437,2.463242112485286128,-0.192360964781122523
0.301547342333612467,-0.034711769705243312,-1.168678037619532040,1.142822814515020546,0.751933032686774139
0.791031947043046912,-0.909387454794738925,1.402794310936099187,-1.401851062792280889,0.586857093800270291
2.190455625809978546,-0.990536325130688344,-0.566297729602771915,0.099651365087641219,-0.503475654116199212
-1.550663431066132691,0.068562974806027327,-1.062303713726104881,0.473592430635181583,-0.919424234233803372
1.549934405017539873,-0.783253292336237084,-0.322061516205675580,0.813517217369669754,-1.230864316433955219
0.227459934604129416,1.307142754282428099,-1.607483234561227547,0.184633858532304213,0.259882794248423477
0.781822871777310024,-1.236950710878081949,-1.320456613084276309,0.521941565616897640,0.296984673233186058
0.250492850345876650,0.346448209496975856,-0.680024721578490809,0.232253697161003553,0.293072473298681246
-0.714351418026367813,1.865774511144756564,0.473832920911787525,-1.191303497202648609,0.656553608633829722
-0.974681670227321439,0.787084603742452038,1.158595579007404064,-0.820682318351710460,0.963376129244321810
0.412780926936498316,0.822060159994490003,1.896792982653947357,-0.245388116002870499,-0.753736164357489580
-0.889514429625523295,-0.815810284965438282,-0.077101709414104116,0.341151974816643500,0.276690799330019055
0.827183249036023804,0.013001891877907019,1.453534077157316862,-0.264656833237956080,2.720169166589618825
0.625667347765006210,-0.857157556416282551,-1.070892498061112308,0.482472415243185293,-0.223462785325850843
0.714000494092091875,0.473237624573544846,-0.072828912656872774,-0.846793718068404977,-1.514847224685864635
-0.446514952067021076,0.856398794323472323,0.214093744130203961,-1.245738778711988015,0.173180925851181999
0.385317379728836784,-0.883857436201132995,0.153725105945527907,0.058208718445999896,-1.142970297830623094
0.357787360348283290,0.560784526368234393,1.083051243175277012,1.053802052034902959,-1.377669367957091051
-0.937825039915122782,0.515035267208659775,0.513785950912208800,0.515047686306047803,3.852731490654720758
0.570890510693166986,1.135565640180598912,0.954001763493202315,0.651391251305798002,-0.315269244640345558
0.758969220493267205,-0.772825214537571803,-0.236818606740008875,-0.485363547829103459,0.081874139386322556
2.314658566673508666,-1.867265192591748280,0.686260190374513579,-1.612715871189651873,-0.471931865789433524
1.088950596967366291,0.064280019095462770,-1.077744777929306119,-0.715303709259968223,0.679597748934675838
-0.730366631717136672,0.216458589581974864,0.045571839903813770,-0.651600347605816865,2.143944089325325653
0.633919022318011227,-2.025142586657607158,0.186454314769427643,-0.661786464768387983,0.852433334796223963
-0.792520738432700655,-0.114736441466899014,0.504987278980457144,0.865755194170121478,-1.200296407055776227
-0.334501235840948374,-0.474945311160956174,-0.653329232573711893,1.765454240281096876,0.404981710960955532
-1.260883954335045187,0.917861947054776084,2.122156197012633250,1.032465260551146846,-1.519369965954013413
-0.484234072866251364,1.266911149186622731,-0.707669465618780746,0.443819428146228434,0.774634053429336777
-0.926930471578082948,-0.059525356061800080,-3.241267340069072578,-1.024387641334289833,-0.252568151393160301
-1.247783181964849497,1.632411303931635249,-1.430141377960632676,-0.440044486696983761,0.130740577286091342
1.441273289066115515,-1.435862151179439383,1.163163752154959596,0.010233061019587049,-0.981508651047950931
0.462103474263270753,0.199059695573470030,-0.600216877158794682,0.069802084990018859,-0.385313596861759922
0.113517345251247986,0.662130674521046347,1.586016816145352060,-1.237815498826849048,2.133033374656266634
-1.952087799522501887,-0.151785095035583240,0.588317206484576194,0.280991867735032708,-0.622699519820593905
-0.208122250357275329,-0.493000934658833101,-0.589364756944211754,0.849602097021024960,0.357015485965047341
-0.692909595260654210,0.899599875433250706,0.307299520876609333,0.812862118838960090,0.629628841923612237
-0.828995010922072506,-0.560181040196969682,0.747293605123261817,0.610370265433464843,-0.020901593964148132
0.117327383308781993,1.277664895788424904,-0.591571388835829937,0.547097381170037700,-0.202192652433893977
-0.217681203227220371,1.098776851987190328,0.825416348988029847,0.813509636000638525,1.305478807154329068
0.021003841632759049,0.681952971294963906,-0.310266756593456039,0.324166352488442111,-0.130143054367684585
0.096995964992718189,0.595157025436913623,-0.818220683233472523,2.092387275685460235,-1.006017381499701990
-1.214188612787732158,1.158110873500067806,0.791662693962935871,0.624119817052155135,0.628345509264279900
-0.012246772846914623,-0.897254371485831537,0.075804558193726335,-0.677161711512111686,0.975119733417751156
-0.147057381502138651,-0.825497196792511545,-0.321385841652993443,0.412931454275624499,-0.563724552803974932
-0.822220395566431450,0.243687211491912303,0.244966571108722775,-0.506943175371129762,-0.471038305618322772
0.232049937357636293,-1.448084341497324123,-1.407463774376555232,-0.718444221252436011,-0.213447151711847249
0.310907565598004587,1.475356216949551991,0.857659623202019383,-0.159938529963427112,-0.019016207902688830
-1.002529364637808840,-0.018513135992389903,-0.288658638920137878,0.322718560338089488,-0.827230943552322961
0.519346514241172286,1.532738913002577696,-0.108760148456857594,0.401711722098941459,0.690143991711112514
-0.401220471885836261,0.224092481810416772,0.012592400781794860,0.097676098548831719,-0.773009783855466481
0.024510174258942696,0.497998291245449476,1.451143607795041701,0.959270826085206862,2.153182457511556347
-0.767347562888049506,0.872320636720678166,0.183342005738351743,2.189802933217672276,-0.808298285355151469
-0.839721842180776057,-0.599392645444022154,-2.123895724309806887,-0.525755021680761048,-0.759132661553697963
0.150393786476207630,0.341755975777159438,1.876170839215886232,0.950423838186050252,-0.576903655662403092
-0.898414671348357952,0.491919171506505715,-1.320233207020642174,1.831458765854353743,1.179440120721287011
-0.469175652104704799,-1.713134529090877933,1.353872374165413284,-0.114539845252617886,1.237816311973461758
-1.594427658794367098,-0.599375022953772874,0.005243699718183166,0.046980593764742055,-0.450065471479243639
0.622849932347498747,-1.067620429382594383,-0.142379485021293495,0.120295631711898859,0.514438834058749017
0.711614878088889569,-1.124642091837869007,-1.534114170735622285,1.277676821898509063,0.332314011979591650
-0.748486536556553617,1.551151975522522930,0.115674634292858666,1.179297184063826442,0.067518481410108952
2.060747924881987103,1.755340842443204430,-0.248964148479073499,0.971570950954355417,0.645375949585147546
1.368631557532348664,-0.964923460580104475,0.686051459998439306,1.058424486849587787,-1.758739486423114284
-1.183258512665775086,-2.039232177760100573,-0.269406834444557652,0.717542255795962092,1.502357052096028101
0.074094780419775186,1.628615545571291845,-1.380101458214891386,-1.703382439355154654,-0.055547698896618779
0.384065448939307275,-0.032694748094093111,-2.067442100039876607,-0.089120039512788407,-1.304469500504853219
0.669672548830038461,0.366598246096848268,-0.939879786327355249,-0.513866917336693541,-1.059213521888951570
-0.062679097273171877,0.955142320501238262,-0.985726046335543726,0.504046515517844407,-0.530257618372440787
-0.792872832262344174,-0.107030359954557827,-1.035242322419374084,-0.553649305347182041,-1.197877892588848470
1.964725132916389283,0.035263551971728611,-0.699725507992585372,0.213979910734221956,-0.112328049690829629
-0.220969599533222594,0.614166700043425218,0.757507710047305105,-0.530501147610527468,-0.575818240644680013
-0.275051697151644015,-2.301921164735584835,-1.515191062198552041,1.366874267444524449,1.644967713501283679
-0.249036039556378319,0.576556963055766425,0.311250154543536106,3.078880808455237705,1.119574911434576769
-0.127917591480766535,-0.955540440600425756,-1.606446320257572502,0.203463635867223103,-0.756350745284303350
-1.422253709597674165,-0.646572884242526680,-1.081548003614395181,1.687141635072564760,0.881639756949450515
-0.007972641316617375,1.479944138890026295,0.077368307647618303,-0.861284201328263666,1.523124077269657262
0.538910043684658668,-1.037246154326456393,-0.190338678083608187,-0.875618253384757406,-1.382799730964336282
0.926177547531641387,1.909416640470130488,-1.398567573819141208,0.562969236690570862,-0.650642569121827163
-0.487125383764696218,-0.592393924238869163,-0.863990769679816029,0.048521627944826992,-0.830950116411037776
0.270456825779838816,-0.050238109449136953,-0.238948046866409747,-0.907563662041597885,-0.576771330568332741
0.755391225825756019,0.500917187624380755,-0.977555244798551048,0.099332305429225873,0.751387123371789034
-1.669405281121371765,0.543360192379935047,-0.662623758945846686,0.570598668593159331,-0.763259156542516859
-1.804882100664519040,-1.627542437883162663,0.048084946661381994,0.259722501721481869,-0.904316625104408578
0.638592458777373917,-1.661520062268959874,-0.066079798647316570,-1.211016199762456447,-0.651836107802159170
0.047398671316414016,-0.860413365283952403,-0.384555544229825352,1.006292809214440531,-0.576891869523148748
0.835692112065141823,-1.129706854657618109,0.529804177915282781,1.441568620657900368,-2.471644500127289312
-0.796895255470476793,0.577072127180540018,-0.203045386042992687,0.371145873371308832,-0.603985186715820577
0.086589787472899915,-0.155677235392079477,1.167782061659807358,0.254420843301213118,0.337602662075202176
-0.411876966122467381,-0.487606224072493544,-0.432558187819620910,0.394452142378296844,-0.420984480820262963
0.289774856896412858,2.075400798645438361,0.871124703431692349,-0.326023532167841135,1.201213922163944847
-0.408075373021551391,-2.038124535177853858,-1.008086310917404083,-1.870791921025855675,-0.351513484041308666
0.018418379189551699,1.676437312275282698,0.326927373764162643,-0.219100528808864242,0.829405581183489171
-2.211135309007885130,0.235614558108565936,0.770865193886966837,-1.478586245779841546,1.143754043206929083
0.338496407494414120,-0.415287913900801275,0.632781866106284840,2.270692857804395892,0.181866255058495158
0.248220586300336082,-0.459360899540244116,-0.849844369464791805,0.830335816544245597,-0.856083825908867224
0.071566237219392467,-0.477657446765116678,0.478979825746392029,0.333662105286948452,1.037539944257899416
-0.510016398854747144,-0.269874935293371254,-0.978763715782307364,-0.444293260076111363,0.377300493044851970
0.756988616645351886,-0.922165324177625423,0.869605920105660180,1.355637858804950913,0.413434903223700856
1.876795812558065935,-0.773789199103573022,-1.244654703311417032,-1.778720248904278600,1.496044311489183043
0.654365656354057745,-0.055584670910455068,0.279968626319820280,-1.125489047298376510,2.445751979616826333
0.129221181975227500,0.109394794604892931,0.725766623898692287,0.481009231736713228,0.223884024279131372
-0.790474455445311919,0.471468357135995719,1.882024496475033670,1.345420046154977678,1.593186626639397252
-0.511215676431185262,-0.989604820258580875,-0.125786920099648147,0.055724912288694604,1.094191518470948532
-1.692464629714819369,1.529550319460613705,-0.158007898578989420,-0.426881069947420033,-1.012104375260167721
-1.654856671865769790,0.823170583961914559,0.073317967188403887,-1.289960899741053879,-1.295078772063616102
-0.335784699290128219,1.669021525289392960,-0.259591351363604783,-1.503142953118106195,-0.245743064085944068
-0.272723569747670203,-2.696886642941571655,-0.054294866517812207,-0.230934530208677963,0.696206364813418355
1.848956094945345185,1.126565029547757391,-0.268888690554830501,-1.106525908741670117,2.573359803249860356
0.059218434014488258,0.013929291912946203,-0.024125087110003277,0.198084760767855333,-0.144360411923942750
-0.573662006880236275,-0.546858941240392138,-0.032753270215998387,-0.543424771133764972,-0.712845782677164364
0.106430227691896834,-0.254977217420855218,1.503992988582688373,-2.650969808393011995,1.091506851922461774
1.246085192497629057,-2.073390232408149458,-0.342687594080348767,-0.371440865995791458,-1.407511694717821227
-0.777816687590875300,-1.110575845465828770,1.752270443423622703,0.935678393147461152,1.271555094994158752
0.721672064043234918,-1.129051771217228994,-0.524520266279773661,0.489374561227918059,-1.222127808891945389
0.712998430172388065,-0.240325398158134862,-0.374820807549597235,0.710959968203491721,0.444263311486039925
-0.360966165819079920,1.159329803364248068,-1.081063327599897317,0.615935606944263747,0.593101257968383755
-0.309546439313990285,0.326133022242117987,-1.251113576385303183,0.924027019206901001,-0.184902136442989029
-0.522723020519039516,1.049009225836889270,-0.704343690542759249,-1.408461296363559656,-1.556629173523903731
0.606009951345639619,-1.280429352496283091,1.754794181984364654,-2.081929407883722050,1.696456368290038208
0.211017467202618408,-0.096713111870392388,-0.544919086808949515,0.399136114352070748,-0.037634702424848378
1.103301882016521906,0.114227648662039646,0.150301761461877598,-0.363612212213855868,-0.056945623721067457
0.307801768892059180,-1.710168392656625347,-1.348185422105713016,0.743264094022714983,0.170865438127941860
-0.183983336352679133,0.018433933065393159,0.347581705361671045,-0.539759680309361500,-0.778304725402312658
0.195845255097681553,-0.978372777615032052,0.408252755714471838,-1.702583604237840387,1.029155637325643635
0.472597482413043002,0.256029734313875657,0.982690983945513907,1.665474444462576642,1.014370065018130429
-1.840874231331645294,-1.279576966735701538,-0.624818577695678834,0.026091050210833786,0.517659020469123043
-0.725743813153465589,0.186766764477078323,-0.755382932353322545,-0.611517802991948245,-1.406661096848222270
-0.923233246110904293,-1.351684605616333634,-0.975873252977332739,1.053641796607839520,-0.949398888831943011
2.632382064837390789,0.493317900880889226,0.184836123694873899,-0.858357780181213337,0.700309879408991143
-0.575637826237773931,0.122009814645361439,2.560084538268794674,-0.096059899724649872,1.149273326285675800
-0.703176425125887405,-0.034988490496961698,1.770800635635509934,-0.626967057787767401,1.812448557996928722
0.707751935455475434,-0.562466775894267634,0.632407739055520834,0.972554449626729656,0.621809962217196421
-1.570224719890456422,-0.727137175824868587,-0.247518635551504745,-0.074433429100046286,0.620672097550677981
0.177701000933253833,-1.335344358710101265,0.380197851005963205,0.610585745283823145,0.559790447931039825
1.080780725554621791,0.833922154548904060,0.459180079228436677,-0.070165711458647001,-1.660960933515990945
0.429618219132585855,0.207687687163111145,0.271578837195373513,-1.276748575820309650,-1.081056540408262379
1.053152853332903538,-0.039555153856655041,0.681500697372624420,0.028318376130459309,0.029756139495743236
0.938283805975997698,-0.516044728217373905,0.096120776940983435,-0.462275288705042753,-0.434496227432315585
-0.309172123468639370,0.222133771633712757,-0.478748621663477092,1.255756125573520787,-0.894607302219503908
-0.186871644161359041,-0.439731058274174913,1.446977884353732868,0.196554776511574630,1.031844539468634858
-1.485560373036971971,0.267050265869258840,0.889630795623437054,0.082283989275424185,1.065480375065351204
-0.517288450100372166,1.409347440185579892,2.298898123619250278,-0.362838560439659064,-0.445502521400771789
1.453384477117700913,1.579572145730712363,-0.522860027153268292,-0.420186817095857534,-0.281784608860507380
-1.344450511034277040,-0.918651946484198234,-1.004140766752067870,-0.767797565104128443,-0.034684887386781105
0.234214732536520226,1.550500492814076869,-0.998354040738790971,0.984322398476583760,-0.213988844225508956
-0.049463709652432936,0.674819492166603530,-1.122722021562298611,0.382409746184050603,0.166452208213055980
0.492451264008148815,0.289168643907818101,2.455300139910894242,-0.637739984251315950,-0.530996955001817650
-0.623140526424764363,-0.555477119160254662,-0.637387127306517698,1.189016531107551788,1.420504247989854862
-0.570746293749476274,-0.832355573104228696,0.471415556386404089,-0.552223044280971576,0.632931817755511106
0.202923020851299707,-1.515744114997231939,1.547505201330061642,1.795877673095521709,-0.612788690484386001
-0.387701559935984041,0.285865390724905133,0.334456789987025160,0.658544272672830444,2.010204538766349636
-0.176947227494049397,-0.798297244538453743,-1.379319228014527221,-0.730930039941919074,-0.033126972873797095
1.794557863517787677,-0.517611299036171424,0.223787951638898502,-0.016422896072752075,1.188393273448083987
2.526932425873621657,-0.530868772920320642,-0.489439442518222134,1.044160877069072013,0.681891489626311409
1.846707325736033578,0.583928185325963911,-0.359292090787059537,0.590654830692309285,1.108703580582907744
0.820482181197364269,0.507274031107297851,1.066674689589153902,1.169295590445672772,1.382158991037527151
0.648709887589642653,-0.167118080316854350,0.146713686433322832,1.206508966508356817,-0.816935670987236073
0.368673308872901173,-0.393338812327360676,0.028744822934817487,1.278451862607298706,0.191099068019903340
0.046436548156148810,-1.359856140979919248,0.746253566027220705,0.645484181141075419,2.163254723305460203
-0.307778234953000551,0.219150327663938771,0.249383683710755255,1.577453279763474381,-0.095295532386952098
0.279021525770339229,0.607896509716539191,0.186609123156358109,-0.446433614550528268,0.194089992898307584
1.073631749859772055,-1.026515299411060234,0.132969674146875994,-0.700120814939173219,1.195046628924842480
-1.523186904783774720,-0.558921847271588335,0.377211875064520863,1.565524029234340420,-0.065750261072987801
-0.555199526693198275,1.881157069440589913,-1.448013900416244004,-2.198805956620081936,0.440014450053332395
-0.502054224352611156,-1.021232817130713233,0.708356447299353320,0.243800713771198829,-0.564078630736728370
-1.280304398670894406,0.872457328280144662,0.650201177958660947,-0.099175863779382908,1.846636996047665846
-1.070084766326152570,-1.525525170924738827,-0.691908069881244425,-0.045586016355497805,0.243339449322691831
-0.241236057856329872,0.352055396514296792,-1.251539424190444283,1.443764604073259683,-0.082151178392568830
1.117295831588127841,0.342725346377704132,0.456753219153783918,0.569767280232203688,0.447708560017314794
0.642722759867543902,1.329152530132431398,0.196521169701470128,0.709003757588512307,-0.089735694287226719
1.440117215449472798,-0.676392302059269701,1.800940432910815625,-0.040157950644343410,-1.430775102118048148
0.128104414910789277,-0.681051657474880834,0.840643548988724287,-0.652623979302391133,-0.446183433214779712
-1.889540730945530989,-0.452306319249076716,-2.423879326628956665,-1.583902823485723310,0.760414656144297374
0.785800158650832192,0.425457561784964744,-0.966976143129212984,-0.047711356141979855,-0.003602539090568403
-1.158364689192542318,1.503398301767150613,0.877362290575671389,-0.220964173829663935,0.026885838994530779
0.208382807947552484,-2.041734868424290639,-0.247177382520596928,-0.681984247997798554,-1.001620009894915508
-0.281100292885954894,1.797686526849522570,0.640842861267009845,-0.571178989782796798,0.572582781356158588
1.399355436586002144,0.924633682912768817,0.059630369920174127,-0.646936777705573896,0.698223313613590024
0.393485385421749712,0.895193220027732273,0.635171801681969517,1.049552715319335139,-0.535235211560567969
1.317394065634325706,0.197599604692399650,2.075260872625265485,-0.689187818089567861,1.735963803165249342
0.197910783462647788,-0.651418003614448349,-0.483885834054321562,-0.320347308194320168,0.424165946401916405
0.522835488035499618,-0.573700003938579006,-0.024354592260982841,2.142270358611863657,1.727543170100711345
0.436323669674032077,0.038003478168200287,0.120031326718261305,0.613517972730416639,-1.022792565198405557
-0.257376537423345153,-1.668584073877589891,0.399223122605279257,0.647195939702741030,-0.483186462299373898
1.573986763290032620,-1.225765663002341022,-1.464374880209819985,0.224451818559971983,1.047098302612154530
1.683927691457868692,-0.458884262868940018,1.078680833431295616,-0.038508469500707208,-0.172627299940819628
0.883659937486672376,0.652322878413419627,-1.576392156984249393,1.476540349725895762,1.380091354147451543
-0.625562701509529417,0.395803533437409039,0.494030186282738815,0.260673765823907111,-0.550305153845420114
-0.671623367938051552,-0.025554070991445278,1.172729019259364680,0.543600154594432339,-0.370614332086105946
0.771698710648344721,-2.848542620630075461,1.148765700372103460,-1.739713778778099629,-0.362440941403132155
-1.119669894626143858,-1.294681475720905528,1.160826787378519187,-0.467701201311891357,0.346503881730715779
-0.046920578879184070,0.477040827223121466,0.076821891060255360,-1.282992224188569619,0.996266819447140017
-0.493756583161312490,-1.556581898659751051,-0.428115160965912511,1.500759790634310864,0.850221742113492884
-0.348652134407859193,-0.349257704318428785,-0.321635051217382617,2.076747983560840893,0.381935452231553341
0.430041647191069631,1.030283454031842183,0.238789159026513514,-0.259042145820703118,-0.196349849084978267
-0.071601259414063950,-0.037222236509841591,0.727629543636979847,0.051945885807299433,0.732640077215579222
-0.080716580108582320,0.078635190316090592,-1.998200684532107640,0.916327674702481443,0.346488475897992698
0.998010109859652217,-2.896255378193689278,2.088374704780727509,-0.139589628155173756,1.108182816737516507
-1.039905927125530871,0.612773905062569679,-1.053415563173656144,-0.623768960695805119,1.914031353866786134
-0.190682400763346582,0.217432873179722874,0.870067730688753871,0.495681887972604485,0.150418905143576281
0.364961002466225093,2.403415585238275032,-0.057618797033585391,0.201099046714967505,1.050654396007612013
1.105525932957983848,1.187030305560380139,0.638730222029184613,-1.143004912730483547,1.633431532301095945
-1.146345393018687986,0.302635465239033230,-0.754275850019357930,-0.064138346592992626,0.328762410303480745
0.321357215450273070,0.421920754235284745,1.613711269058647035,0.453534301513979832,-0.244156635290648766
0.964087168288357610,1.189470488924640579,-1.227607815136992464,0.597400069849858051,0.701172742310898323
-0.297563503359991988,1.375706813311619703,-0.150055587032527166,0.125576453471542615,-0.173071824283869607
0.015579047581467534,-1.096275086895201811,-1.440050882594294368,1.594505063224972208,-0.846961348318327811
-0.991392349456307165,-2.153390113603714795,-0.638961747689502313,-1.323089793407498549,1.642015160136369056
1.009817089342634144,-0.688150345177723777,2.252435805344308761,0.981765486991594272,-0.324831383508622451
-2.499405714873572659,2.290942572590741300,-1.389572466763596026,-1.645398746956891811,1.022570432009640262
2.439752406339272817,1.384272818510518199,0.563909120052359603,0.594754341665285957,0.853415558780307726
0.758928589786765140,0.281191423969375798,0.104201103951876067,-0.062593127899522413,-0.753964588866676277
-0.280675076866774065,-1.692956814195385462,-0.098339626794749890,-0.988591107150917581,-1.103589317215771137
0.179894151153478454,1.392002286344599327,0.918316606002313240,-1.570500603623177449,-0.989628136570337547
0.940771187988215907,-0.982487393538309606,-0.224633149997024606,0.550052099024551877,-0.968344454863635296
0.105375506145959905,-1.334025494918204435,-0.601367643951213782,0.319781934142537028,-1.592993733531669287
0.440474737960398988,-0.019637798926681226,0.552489954417147988,0.223914134064661430,1.364140429973844215
0.125224502647907271,-0.429405541125252976,0.122297503032283844,0.543298029036388241,0.048860070325704330
0.040591691203882382,-0.701991687806755582,-0.662900917550948376,-1.402605271799693520,1.749576743186939343
-1.243863235391285071,-0.692905197795907313,-0.718407265569197429,0.894924376944441269,-0.294949678292027784
1.247742072673733826,-0.673490624243868519,0.278994162223801967,-0.835347053259757333,2.145149127773388287
-1.187598419029512797,0.309820710227027507,0.633776880932098496,0.413799097451498232,-0.185287658877708289
-0.129820699733426165,0.043811471979109597,-0.147002001628488616,0.963879116794909674,2.210523001591351289
-0.557491785007833696,-1.369802979579078039,-0.088282048351254805,2.579709337654318091,-0.803674567969730802
1.639116805444067460,1.677700814076440672,-0.553588241707994588,0.568983079185275353,1.628396623128538057
-0.379127740987487083,-0.203580360102361774,-0.581680913948643741,-1.014756730692866871,-0.649277545066007100
-1.223940266762256535,0.034083468259226063,-0.769973231058641461,0.233785911790747702,-1.555895646203627303
0.330880232214457060,0.833528961608924646,-1.993735642571455413,0.374056569847572129,1.227668992473292198
-1.209641018691205439,1.672572386837703373,0.419019009366045192,-0.705011855758408856,-0.055769077657706008
0.558326912521722396,0.076005391412411499,0.538755992446369181,-0.920673593079366248,0.169360824036077995
-1.413714496904980189,-0.111226061348700320,-0.903907641464789746,-0.735529942589766561,1.236093175210437378
1.091310120594269018,0.609138120907177005,-1.092312764672578984,-0.316408449694801919,1.213097699979183375
0.141716913639904740,2.319329539981694221,0.393317839394371871,0.192049116490031591,-0.309116464202501384
0.133540904782281922,-0.152469836380543483,0.708108676688590455,0.956702316794584062,-0.785989460507949489
-1.331232953557778043,-1.836205373103296568,0.507991326912543673,-1.103366606173873610,-2.152890592952482862
0.388578604530964100,2.492999517432790579,-0.006070911539893324,0.838490774451641885,0.081829358547565012
-0.098889653191142665,0.919076482987768562,-0.290274544188651340,0.267392314071902948,0.321697806196013625
-0.668090453643048754,0.992042349536522816,-0.174959756695408641,-0.755745159492844709,0.536509843570403544
-0.898467981791037262,0.028181157369128247,-0.009118996644203544,1.085895565831578091,0.474698232879952775
-0.025026958745143917,0.817766299200287095,1.390207549017313360,0.557810306351862240,0.010352619843380607
-1.311836232350159559,-1.065113663075372585,-0.305224704354667642,-0.609512202159283145,-0.186971302985446008
0.056649924897107164,0.529692754356730799,-0.070498778059091216,0.486501643826201924,0.064474414810120242
-1.975466566353871301,-0.939335393818754305,-0.144087555721615468,-1.209694742841107562,0.599928729996204502
1.530750832343697354,1.218761851697316656,-0.213442870930208001,1.490726136849952033,0.148667457202111719
-0.337085971118039673,-0.613402663540939752,-0.302469686488128331,-0.388176818541228763,0.170416222375487703
0.160573981049864589,0.003046020153414469,0.436938169746349858,1.190646274786341330,0.949554135441323721
-1.484897968449903516,-2.553921134901954826,0.934319911239273715,-1.366878698415421090,-0.224765401892683542
-1.170113026059359518,-1.801980437580019689,0.541462728204788024,0.759155160302646848,-0.576510400726719441
-2.591042292144909887,-0.546244448252482750,0.391804005402546507,-1.478911568774128549,0.183359919779155611
-0.015309849172995557,0.579291499601088389,0.119580368414153260,-0.973068940881555489,1.196571501664491333
-0.158529573026970017,-0.027304539509931860,-0.933267959073196041,-0.443282251191510324,-0.884802714026900916
-0.172946059923423018,1.711708480142343669,-1.371901142931356343,-1.613561397876741133,1.471170327493608543
-0.209323677151866117,-0.669072738659916566,1.039904687396076444,-0.605615539736864106,1.826009713546936197
0.677925871339269071,-0.487911408145702663,2.157308213265503483,-0.605714923003338401,0.742095372009306975
0.299292580406491926,1.301741289398798074,1.561511196726852679,0.032004149065766624,-0.753417870346183460
0.459972142939116424,-0.677715369752106112,2.013387247526623014,0.136535331082737438,-0.365321551312108694
0.184680305864908412,-1.347126289529696486,-0.971614038510651534,1.200413907944425373,-0.656894278971395740
-1.046910982681939606,0.536652752527286170,1.185704154662996945,0.718953310665066736,0.996047685805816374
-0.756795088569460761,-1.421810666741843754,1.501333651955486737,-0.322679838842135747,-0.250833016455047353
1.328194141849057930,0.556230009400659919,0.455887772081607634,2.165002344901084008,-0.643518230380142997
0.927840128081237170,0.057013124897084592,0.268592278863257372,1.528468426412531667,0.507835756289623741
0.538296079049632947,1.072507337309802189,-0.364952729542885324,-0.839209667339006371,-1.044809194021033560
-1.966356589376001773,2.056207129940322176,-1.103208365721683126,-0.221253623585771997,-0.276813299888920672
0.307406697809100682,0.815737212539296541,0.860473488359745353,-0.583077438568938455,-0.167121713786411497
0.282579950488299647,-0.248691126183547079,1.607345576019992617,0.490974951638251333,0.734877786049817461
0.662881268667412704,1.173473857485324956,0.181021558703706953,-1.296831947955846553,0.399687951752641601
-0.651356893791829039,-0.528616681749756845,0.586364018755093253,1.238283071433635696,0.021271576736061650
0.308833012598963785,1.702214944635237925,0.240753179488568253,2.601683114180394885,0.565509645631544156
-1.760762759155817703,0.753341621104532511,0.381158384882777757,1.289752754082745811,0.673181351269958483
-0.138455983983773817,-1.224298236289365738,-0.209023257286025194,-0.850520454209299781,-0.580523449804722702
0.588578404420609602,1.669904504351406249,0.394671529822981093,-1.195883062035184352,0.444602668220140718
1.196631486645651110,-0.609782904319382202,-0.134017166672917687,0.014688194729197093,-0.784898313082240007
0.648280433843859027,-0.120948148607781567,0.419532443907027763,-0.887492177802100102,-0.437458300323410432
0.722381357827771353,-0.372833152091766984,1.726963851233405123,-0.399636185614602346,0.224684725751885916
0.932590831873089887,-1.418365732933031698,-1.760808811980775879,-1.525656314570094763,1.262584103427182081
-0.551858145892446750,2.558199285668252276,-0.564247598657388605,0.184551303197036970,1.542109952567875641
2.006092888159122900,2.061503576636397828,1.208366230593142410,1.024062525811462399,0.592526949201183095
